CVEGEO,rd
01001,42.65
01002,31.38
01003,33.47
01004,33.79
01005,36.52
01006,38.42
01007,34.7
01008,34.46
01009,24.79
01010,34.55
01011,34.97
02001,41.29
02002,68.85
02003,50.74
02004,49.45
02005,53.49
02006,26.36
02007,34.49
03001,63.88
03002,59.86
03003,90.75
03008,99.72
03009,54.15
04001,3.39
04002,10.19
04003,18.56
04004,13.18
04005,6.6
04006,8.15
04007,22.49
04008,8.48
04009,17.69
04010,21.08
04011,18.32
04012,9.79
04013,4.48
05001,68.64
05002,108.66
05003,108.57
05004,40.05
05005,84.1
05006,72.58
05007,56.17
05008,66.68
05009,57.22
05010,67.0
05011,50.22
05012,103.05
05013,116.46
05014,121.33
05015,86.44
05016,43.29
05017,59.21
05018,87.21
05019,105.57
05020,95.2
05021,54.05
05022,110.52
05023,65.3
05024,48.45
05025,122.28
05026,77.7
05027,61.72
05028,97.0
05029,46.94
05030,37.46
05031,75.21
05032,100.45
05033,62.72
05034,45.95
05035,48.34
05036,37.18
05037,101.48
05038,108.71
06001,77.3
06002,52.57
06003,38.39
06004,56.52
06005,51.2
06006,50.51
06007,71.46
06008,36.92
06009,26.49
06010,43.52
07001,21.58
07002,9.13
07003,24.95
07004,7.57
07005,21.66
07006,8.56
07007,12.01
07008,12.5
07009,22.06
07010,6.89
07011,10.93
07012,33.45
07013,23.96
07014,17.16
07015,27.09
07016,23.36
07017,17.99
07018,21.53
07019,15.05
07020,13.81
07021,25.58
07022,15.59
07023,9.58
07024,9.81
07025,20.79
07026,11.01
07027,21.43
07028,5.0
07029,30.98
07030,11.59
07031,13.66
07032,21.36
07033,20.03
07034,12.71
07035,43.3
07036,6.95
07037,28.76
07038,7.94
07039,15.44
07040,27.88
07041,11.4
07042,29.55
07043,28.79
07044,14.76
07045,30.25
07046,25.76
07047,34.05
07048,29.38
07049,14.44
07050,20.29
07051,18.04
07052,9.04
07053,9.86
07054,32.36
07055,40.81
07056,6.78
07057,20.59
07058,6.45
07059,8.7
07060,17.28
07061,28.88
07062,25.46
07063,34.48
07064,7.48
07065,20.72
07066,18.19
07067,19.16
07068,29.1
07069,18.55
07070,8.36
07071,26.02
07072,41.32
07073,22.74
07074,28.77
07075,12.54
07076,14.37
07077,14.0
07078,10.71
07079,33.86
07080,11.46
07081,19.81
07082,16.79
07083,12.13
07084,31.17
07085,24.48
07086,30.35
07087,48.38
07088,35.89
07089,35.82
07090,15.28
07091,19.76
07092,25.43
07093,7.01
07094,9.71
07096,13.34
07097,19.48
07098,5.95
07099,12.22
07100,11.14
07101,39.03
07102,31.54
07103,27.37
07104,13.14
07105,22.9
07106,11.12
07107,14.65
07108,21.63
07109,16.59
07110,6.5
07111,9.75
07112,10.25
07113,14.47
07114,6.59
07115,6.55
07116,6.15
07117,13.58
07118,37.28
07119,16.28
07120,14.09
07121,26.29
07122,12.78
07123,11.21
07124,17.68
07125,11.38
08001,84.47
08002,66.36
08003,41.37
08004,60.28
08005,55.6
08006,31.82
08007,67.17
08008,87.7
08009,85.38
08010,41.95
08011,39.33
08012,52.73
08013,30.1
08014,34.84
08015,73.49
08016,27.58
08017,36.97
08018,37.61
08019,68.96
08020,84.64
08021,43.25
08022,40.88
08023,28.76
08024,45.83
08025,30.7
08026,38.32
08027,83.85
08028,106.31
08029,84.92
08030,97.86
08031,48.23
08032,68.18
08033,60.92
08034,27.59
08035,28.57
08036,37.44
08037,97.48
08038,47.73
08039,36.42
08040,30.53
08041,102.47
08042,42.95
08043,39.13
08044,42.92
08045,43.2
08046,82.86
08047,97.47
08048,34.59
08049,53.52
08050,33.08
08051,89.18
08052,58.36
08053,132.26
08054,43.05
08055,46.58
08056,55.08
08057,38.76
08058,30.8
08059,65.13
08060,61.51
08061,50.99
08062,38.82
08063,55.75
08064,59.92
08065,97.02
08066,100.46
08067,49.49
09002,81.54
09003,86.51
09004,68.22
09005,67.13
09006,86.68
09007,62.29
09008,55.63
09009,41.72
09010,79.74
09011,39.0
09012,51.1
09013,50.87
09014,107.57
09015,108.34
09016,91.42
09017,83.68
10001,34.66
10002,60.49
10003,32.19
10004,18.89
10005,36.77
10006,19.94
10007,42.41
10008,24.53
10009,64.16
10010,23.07
10011,25.24
10012,30.57
10013,26.52
10014,35.72
10015,21.68
10016,32.83
10017,51.13
10018,48.94
10019,64.05
10020,26.41
10021,20.13
10022,26.27
10023,52.63
10024,22.7
10025,48.65
10026,61.37
10027,15.06
10028,23.02
10029,15.56
10030,16.72
10031,12.93
10032,51.39
10033,40.52
10034,66.99
10035,62.51
10036,36.75
10037,57.64
10038,33.06
10039,32.97
11001,53.29
11002,36.46
11003,44.89
11004,33.23
11005,39.66
11006,8.57
11007,46.14
11008,73.92
11009,44.92
11010,20.6
11011,48.44
11012,57.31
11013,21.19
11014,40.0
11015,59.88
11016,50.19
11017,56.53
11018,47.14
11019,29.76
11020,80.97
11021,44.78
11022,38.63
11023,55.01
11024,52.8
11025,91.38
11026,65.25
11027,53.85
11028,47.74
11029,29.39
11030,42.77
11031,101.09
11032,31.46
11033,29.61
11034,7.78
11035,51.21
11036,55.12
11037,62.66
11038,30.42
11039,37.92
11040,13.1
11041,46.13
11042,49.78
11043,16.29
11044,51.26
11045,8.69
11046,47.88
12001,49.78
12002,20.06
12003,53.53
12004,16.61
12005,18.9
12006,42.51
12007,54.99
12008,36.65
12009,19.36
12010,18.19
12011,66.27
12012,20.14
12013,32.54
12014,67.83
12015,46.22
12016,47.12
12017,36.13
12018,32.4
12019,27.3
12020,19.17
12021,71.24
12022,50.26
12023,22.06
12024,19.05
12025,24.72
12026,34.66
12027,35.09
12028,28.6
12029,52.57
12030,26.36
12031,46.69
12032,49.11
12033,19.62
12034,40.57
12035,47.19
12036,32.36
12037,46.28
12038,49.28
12039,35.44
12040,45.03
12041,17.93
12042,30.63
12043,16.78
12044,32.27
12045,21.33
12046,21.93
12047,43.61
12048,47.68
12049,28.9
12050,47.25
12051,23.03
12052,25.04
12053,36.48
12054,58.58
12055,42.22
12056,24.54
12057,56.96
12058,47.03
12059,35.84
12060,31.88
12061,36.51
12062,12.62
12063,16.45
12064,48.39
12065,14.18
12066,23.25
12067,47.38
12068,57.52
12069,19.79
12070,24.43
12071,10.85
12072,15.22
12073,40.96
12074,26.03
12075,36.35
12076,18.04
12077,33.63
12078,13.59
12079,22.41
12080,30.73
12081,16.64
12082,25.87
12083,19.7
12084,17.43
12085,10.72
13001,9.68
13002,20.1
13003,7.56
13004,7.98
13005,8.99
13006,6.07
13007,14.14
13008,16.26
13009,7.14
13010,13.83
13011,6.93
13012,8.58
13013,18.69
13014,6.37
13015,4.57
13016,16.43
13017,10.4
13018,7.67
13019,6.16
13020,5.68
13021,20.94
13022,16.67
13023,6.21
13024,10.61
13025,5.94
13026,6.41
13027,13.77
13028,4.77
13029,8.98
13030,5.83
13031,10.06
13032,3.38
13033,6.55
13034,5.74
13035,7.54
13036,7.97
13037,6.83
13038,8.16
13039,13.8
13040,8.68
13041,7.0
13042,9.1
13043,6.0
13044,10.93
13045,12.58
13046,3.75
13047,8.38
13048,16.86
13049,9.91
13050,7.05
13051,16.03
13052,9.57
13053,9.96
13054,6.41
13055,5.94
13056,12.46
13057,12.04
13058,4.78
13059,5.35
13060,13.5
13061,16.42
13062,6.43
13063,17.99
13064,12.18
13065,7.67
13066,23.2
13067,9.41
13068,8.64
13069,21.61
13070,8.74
13071,6.29
13072,18.1
13073,4.73
13074,9.61
13075,18.03
13076,17.41
13077,15.45
13078,4.51
13079,7.09
13080,6.98
13081,7.53
13082,15.25
13083,17.76
13084,6.59
14001,43.59
14002,60.13
14003,40.69
14004,22.9
14005,42.44
14006,39.34
14007,31.15
14008,58.1
14009,46.61
14010,34.68
14011,39.14
14012,41.17
14013,55.04
14014,29.4
14015,43.88
14016,45.72
14017,41.62
14018,55.13
14019,17.8
14020,37.92
14021,51.23
14022,56.12
14023,40.1
14024,60.76
14025,43.2
14026,26.63
14027,42.52
14028,37.99
14029,35.37
14030,39.57
14031,23.4
14032,25.69
14033,50.02
14034,39.62
14035,46.58
14036,30.13
14037,39.27
14038,45.53
14039,84.21
14040,22.54
14041,45.35
14042,28.8
14043,54.4
14044,46.59
14045,43.73
14046,46.32
14047,62.72
14048,61.3
14049,27.78
14050,41.49
14051,54.24
14052,30.37
14053,60.23
14054,31.89
14055,24.96
14056,32.12
14057,23.32
14058,53.23
14059,25.76
14060,19.11
14061,21.9
14062,47.71
14063,61.61
14064,34.72
14065,37.72
14066,50.1
14067,56.34
14068,49.92
14069,29.14
14070,72.33
14071,45.36
14072,63.54
14073,52.76
14074,56.62
14075,25.14
14076,20.02
14077,46.09
14078,57.89
14079,33.66
14080,43.13
14081,38.74
14082,33.95
14083,51.91
14084,39.36
14085,31.15
14086,23.9
14087,32.57
14088,40.1
14089,22.61
14090,38.08
14091,23.48
14092,29.75
14093,55.48
14094,36.91
14095,38.26
14096,27.61
14097,62.57
14098,89.93
14099,27.11
14100,40.19
14101,75.0
14102,24.42
14103,36.08
14104,39.65
14105,55.95
14106,27.2
14107,28.39
14108,36.13
14109,65.5
14110,46.34
14111,51.52
14112,23.38
14113,30.0
14114,52.69
14115,31.07
14116,11.01
14117,30.51
14118,32.69
14119,36.79
14120,61.64
14121,39.53
14122,28.16
14123,50.25
14124,51.1
14125,56.74
15001,13.28
15002,27.16
15003,13.93
15004,20.44
15005,20.13
15006,18.96
15007,30.54
15008,32.16
15009,44.15
15010,15.77
15011,25.63
15012,19.32
15013,36.87
15014,12.68
15015,37.19
15016,28.0
15017,35.66
15018,22.67
15019,25.9
15020,39.1
15021,20.09
15022,32.22
15023,38.93
15024,35.21
15025,33.01
15026,13.69
15027,21.77
15028,24.93
15029,37.58
15030,23.73
15031,43.7
15032,28.63
15033,38.47
15034,28.75
15035,29.19
15036,13.84
15037,58.57
15038,29.99
15039,33.12
15040,26.0
15041,20.51
15042,11.98
15043,27.92
15044,28.85
15045,15.4
15046,33.85
15047,13.59
15048,9.48
15049,22.0
15050,31.9
15051,35.79
15052,40.86
15053,31.27
15054,31.34
15055,28.99
15056,10.14
15057,53.39
15058,54.44
15059,32.74
15060,23.62
15061,26.44
15062,42.49
15063,40.58
15064,8.29
15065,31.95
15066,20.2
15067,29.08
15068,35.58
15069,26.91
15070,46.4
15071,12.24
15072,18.42
15073,18.24
15074,7.74
15075,33.82
15076,30.61
15077,22.61
15078,20.79
15079,19.16
15080,24.6
15081,31.28
15082,29.03
15083,31.22
15084,28.15
15085,10.64
15086,28.57
15087,22.01
15088,26.44
15089,33.42
15090,24.8
15091,38.71
15092,31.71
15093,26.31
15094,40.3
15095,36.33
15096,20.33
15097,20.24
15098,20.93
15099,30.62
15100,25.0
15101,23.71
15102,15.83
15103,36.16
15104,60.54
15105,44.43
15106,32.43
15107,25.53
15108,33.77
15109,38.11
15110,43.29
15111,18.01
15112,13.15
15113,23.22
15114,21.09
15115,33.43
15116,23.47
15117,30.29
15118,24.06
15119,28.72
15120,31.69
15121,36.01
15122,39.09
15123,23.12
15124,9.19
15125,36.73
16001,36.16
16002,51.5
16003,31.91
16004,48.68
16005,6.71
16006,52.29
16007,8.88
16008,47.34
16009,30.54
16010,59.8
16011,47.93
16012,34.99
16013,28.32
16014,40.44
16015,44.98
16016,30.48
16017,11.5
16018,23.27
16019,37.04
16020,30.88
16021,31.28
16022,33.6
16023,37.75
16024,25.91
16025,33.85
16026,33.94
16027,24.77
16028,56.37
16029,42.24
16030,56.5
16031,16.49
16032,21.99
16033,43.48
16034,25.79
16035,46.4
16036,33.31
16037,29.2
16038,37.18
16039,34.91
16040,32.94
16041,14.43
16042,45.36
16043,44.08
16044,40.63
16045,39.23
16046,21.71
16047,22.18
16048,38.65
16049,30.96
16050,20.13
16051,23.68
16052,62.12
16053,33.07
16054,35.57
16055,48.04
16056,23.87
16057,24.57
16058,35.68
16059,38.21
16060,49.04
16061,10.86
16062,38.09
16063,47.35
16064,44.91
16065,26.73
16066,26.03
16067,48.64
16068,33.49
16069,54.73
16070,46.15
16071,46.34
16072,32.67
16073,25.99
16074,34.74
16075,34.15
16076,39.35
16077,40.05
16078,41.65
16079,24.6
16080,8.82
16081,19.41
16082,29.31
16083,38.85
16084,33.69
16085,38.28
16086,45.85
16087,32.62
16088,27.12
16089,33.16
16090,22.71
16091,34.68
16092,31.21
16093,9.23
16094,55.75
16095,38.72
16096,65.53
16097,30.96
16098,16.7
16099,26.69
16100,26.95
16101,37.5
16102,35.31
16103,39.53
16104,39.57
16105,43.17
16106,46.72
16107,40.75
16108,58.1
16109,48.65
16110,30.73
16111,29.54
16112,18.12
16113,50.86
17001,50.07
17002,44.54
17003,46.26
17004,48.33
17005,44.89
17006,57.09
17007,76.43
17008,63.03
17009,61.31
17010,47.39
17011,63.26
17012,58.81
17013,47.56
17014,54.27
17015,57.43
17016,26.35
17017,51.15
17018,60.96
17019,45.31
17020,46.45
17021,58.08
17022,20.61
17023,32.54
17024,52.65
17025,49.48
17026,39.73
17027,37.46
17028,51.84
17029,55.72
17030,44.18
17031,54.84
17032,22.92
17033,42.69
17034,45.87
17035,46.13
17036,18.81
18001,24.54
18002,22.0
18003,27.99
18004,23.1
18005,40.87
18006,17.46
18007,15.73
18008,26.01
18009,22.57
18010,15.94
18011,14.58
18012,9.14
18013,24.19
18014,21.3
18015,11.47
18016,19.77
18017,38.33
18018,14.48
18019,16.62
18020,38.47
19001,35.71
19002,124.08
19003,70.95
19004,54.67
19005,117.89
19006,50.69
19007,28.05
19008,76.95
19009,56.35
19010,41.22
19011,84.12
19012,69.81
19013,53.46
19014,19.17
19015,56.65
19016,60.48
19017,25.15
19018,51.44
19019,63.4
19020,63.98
19021,44.43
19022,38.28
19023,97.72
19024,30.46
19025,58.13
19026,59.86
19027,68.13
19028,82.3
19029,33.58
19030,20.24
19031,58.74
19032,89.52
19033,29.74
19034,65.11
19035,71.82
19036,16.33
19037,69.7
19038,41.28
19039,63.31
19040,144.35
19041,54.36
19042,53.37
19043,28.03
19044,111.07
19045,70.36
19046,52.83
19047,45.33
19048,56.95
19049,51.27
19050,159.48
19051,77.19
20001,0.03
20002,7.27
20003,0.08
20004,4.11
20005,3.93
20006,0.0
20007,0.0
20008,0.22
20009,1.23
20010,4.05
20011,1.58
20012,2.43
20013,0.0
20014,7.39
20015,0.0
20016,8.26
20017,0.0
20018,0.6
20019,0.04
20020,7.28
20021,8.73
20022,6.96
20023,0.03
20024,0.01
20025,7.17
20026,0.25
20027,0.2
20028,0.0
20029,1.81
20030,4.13
20031,0.02
20032,5.56
20033,0.03
20034,0.25
20035,0.01
20036,0.65
20037,6.49
20038,0.0
20039,7.56
20040,0.08
20041,0.51
20042,0.09
20043,7.92
20044,6.72
20045,0.0
20046,0.0
20047,0.04
20048,0.0
20049,0.0
20050,2.25
20051,0.0
20052,0.63
20053,0.8
20054,0.0
20055,1.0
20056,10.93
20057,10.38
20058,0.09
20059,0.03
20060,0.01
20061,0.0
20062,0.0
20063,0.0
20064,0.01
20065,1.02
20066,4.17
20067,0.6
20068,0.0
20069,0.0
20070,4.02
20071,2.79
20072,0.0
20073,7.85
20074,0.01
20075,3.29
20076,0.42
20077,0.0
20078,0.03
20079,7.65
20080,0.0
20081,0.22
20082,0.39
20083,0.04
20084,0.03
20085,0.63
20086,0.85
20087,0.24
20088,0.42
20089,0.04
20090,3.69
20091,0.22
20092,0.04
20093,0.0
20094,0.0
20095,0.01
20096,0.0
20097,0.0
20098,1.46
20099,3.39
20100,0.02
20101,0.0
20102,0.0
20103,0.0
20104,0.0
20105,0.13
20106,0.0
20107,0.15
20108,0.0
20109,5.7
20110,2.14
20111,2.5
20112,0.0
20113,1.24
20114,0.0
20115,0.01
20116,0.82
20117,1.11
20118,0.0
20119,0.33
20120,0.0
20121,0.0
20122,0.02
20123,0.0
20124,4.19
20125,0.1
20126,0.0
20127,3.99
20128,0.01
20129,0.01
20130,4.65
20131,0.0
20132,0.0
20133,2.82
20134,2.91
20135,0.01
20136,1.65
20137,0.0
20138,0.0
20139,0.22
20140,0.0
20141,8.43
20142,3.57
20143,3.06
20144,0.0
20145,0.0
20146,0.0
20147,0.01
20148,0.38
20149,0.0
20150,0.0
20151,0.66
20152,6.36
20153,3.84
20154,0.0
20155,0.0
20156,0.07
20157,0.56
20158,0.03
20159,0.88
20160,4.2
20161,0.0
20162,0.0
20163,0.94
20164,0.16
20165,6.65
20166,4.26
20167,0.0
20168,6.99
20169,3.74
20170,0.01
20171,1.88
20172,0.42
20173,0.02
20174,0.03
20175,0.02
20176,0.01
20177,0.02
20178,0.01
20179,0.0
20180,12.9
20181,5.1
20182,0.77
20183,3.07
20184,7.79
20185,6.69
20186,5.31
20187,0.29
20188,0.9
20189,0.23
20190,3.37
20191,0.01
20192,0.0
20193,0.0
20194,0.0
20195,0.08
20196,0.0
20197,0.0
20198,7.17
20199,2.81
20200,0.09
20201,0.0
20202,0.95
20203,0.0
20204,0.01
20205,4.09
20206,0.59
20207,0.73
20208,3.62
20209,0.0
20210,0.86
20211,0.2
20212,1.21
20213,0.52
20214,0.29
20215,0.0
20216,0.01
20217,0.0
20218,0.04
20219,0.0
20220,0.05
20221,0.0
20222,0.05
20223,0.04
20224,0.0
20225,1.32
20226,0.0
20227,0.05
20228,5.1
20229,0.01
20230,0.06
20231,0.19
20232,5.38
20233,0.0
20234,0.22
20235,0.0
20236,0.88
20237,0.66
20238,0.0
20239,0.79
20240,5.46
20241,0.0
20242,7.55
20243,0.0
20244,1.01
20245,0.54
20246,0.0
20247,0.01
20248,7.45
20249,0.36
20250,0.0
20251,7.17
20252,0.35
20253,2.49
20254,0.11
20255,0.01
20256,0.02
20257,0.01
20258,0.38
20259,2.58
20260,0.0
20261,3.21
20262,0.0
20263,0.11
20264,0.0
20265,6.53
20266,1.27
20267,0.01
20268,0.0
20269,1.92
20270,0.02
20271,0.0
20272,1.7
20273,0.0
20274,0.0
20275,0.52
20276,0.05
20277,0.04
20278,5.5
20279,0.23
20280,0.02
20281,0.0
20282,4.32
20283,0.14
20284,0.0
20285,5.27
20286,2.53
20287,0.01
20288,0.01
20289,0.0
20290,0.27
20291,0.6
20292,0.01
20293,0.15
20294,0.0
20295,0.0
20296,0.17
20297,0.05
20298,0.0
20299,0.0
20300,2.15
20301,0.0
20302,1.11
20303,0.0
20304,0.0
20305,1.66
20306,0.75
20307,0.74
20308,6.47
20309,3.76
20310,0.06
20311,0.0
20312,3.73
20313,0.0
20314,0.27
20315,0.0
20316,0.01
20317,0.14
20318,8.53
20319,0.02
20320,0.66
20321,0.06
20322,1.53
20323,0.17
20324,6.68
20325,0.01
20326,0.35
20327,10.92
20328,0.0
20329,0.0
20330,0.72
20331,0.04
20332,0.0
20333,0.01
20334,3.44
20335,0.02
20336,0.85
20337,0.01
20338,0.02
20339,0.02
20340,12.02
20341,0.0
20342,0.04
20343,0.0
20344,3.42
20345,5.75
20346,0.02
20347,0.03
20348,3.53
20349,0.0
20350,0.07
20351,0.0
20352,0.71
20353,0.0
20354,3.45
20355,0.05
20356,0.0
20357,0.01
20358,0.0
20359,0.0
20360,0.0
20361,0.01
20362,0.0
20363,0.04
20364,0.57
20365,0.01
20366,0.32
20367,1.24
20368,0.0
20369,0.0
20370,2.04
20371,0.37
20372,0.82
20373,2.82
20374,0.45
20375,0.09
20376,1.25
20377,0.06
20378,0.0
20379,4.4
20380,0.0
20381,0.83
20382,0.02
20383,0.76
20384,0.0
20385,0.13
20386,0.16
20387,0.0
20388,0.0
20389,0.0
20390,0.09
20391,0.01
20392,0.22
20393,0.0
20394,0.53
20395,0.0
20396,0.11
20397,6.06
20398,0.0
20399,0.24
20400,0.54
20401,3.79
20402,6.18
20403,0.03
20404,0.0
20405,0.03
20406,3.56
20407,7.55
20408,2.63
20409,0.03
20410,0.13
20411,0.0
20412,0.51
20413,6.44
20414,4.46
20415,1.28
20416,0.19
20417,3.47
20418,0.22
20419,0.01
20420,0.0
20421,0.37
20422,0.0
20423,0.27
20424,0.34
20425,0.04
20426,0.0
20427,3.2
20428,0.03
20429,0.0
20430,0.06
20431,0.51
20432,0.01
20433,0.83
20434,3.36
20435,0.02
20436,0.0
20437,0.1
20438,0.32
20439,2.59
20440,0.04
20441,5.41
20442,0.0
20443,0.0
20444,0.01
20445,0.13
20446,4.21
20447,2.85
20448,0.02
20449,0.01
20450,0.02
20451,0.0
20452,0.0
20453,4.35
20454,0.17
20455,7.04
20456,0.12
20457,0.38
20458,0.65
20459,7.6
20460,0.88
20461,1.35
20462,0.05
20463,0.0
20464,0.19
20465,0.14
20466,0.12
20467,1.29
20468,3.5
20469,6.98
20470,0.17
20471,0.04
20472,1.25
20473,0.0
20474,10.09
20475,0.0
20476,17.52
20477,0.08
20478,0.0
20479,0.01
20480,2.85
20481,1.52
20482,9.7
20483,0.0
20484,0.97
20485,8.89
20486,0.0
20487,0.0
20488,0.02
20489,0.39
20490,4.61
20491,0.01
20492,0.03
20493,0.0
20494,0.0
20495,0.6
20496,0.0
20497,0.83
20498,5.37
20499,0.17
20500,0.03
20501,0.76
20502,0.94
20503,0.0
20504,0.05
20505,5.21
20506,0.0
20507,6.5
20508,3.78
20509,1.25
20510,0.03
20511,0.0
20512,0.04
20513,2.47
20514,0.1
20515,7.25
20516,0.02
20517,0.0
20518,0.01
20519,0.01
20520,0.15
20521,0.0
20522,0.0
20523,0.0
20524,0.07
20525,5.79
20526,2.98
20527,0.01
20528,2.55
20529,0.49
20530,0.0
20531,0.0
20532,3.64
20533,0.0
20534,0.0
20535,0.0
20536,0.03
20537,0.26
20538,0.0
20539,0.01
20540,0.01
20541,0.01
20542,0.0
20543,1.29
20544,0.01
20545,3.7
20546,0.0
20547,0.0
20548,1.81
20549,0.46
20550,0.0
20551,0.0
20552,0.07
20553,0.06
20554,0.09
20555,0.0
20556,0.0
20557,4.91
20558,0.0
20559,2.55
20560,0.0
20561,0.0
20562,0.06
20563,0.0
20564,0.0
20565,0.01
20566,0.0
20567,10.34
20568,9.43
20569,0.0
20570,0.0
21001,38.54
21002,23.48
21003,22.86
21004,39.62
21005,31.71
21006,21.81
21007,25.39
21008,25.01
21009,19.54
21010,15.65
21011,29.51
21012,22.06
21013,17.92
21014,15.47
21015,46.62
21016,15.42
21017,17.35
21018,11.32
21019,62.95
21020,25.88
21021,50.24
21022,41.28
21023,20.14
21024,21.22
21025,21.66
21026,41.14
21027,5.0
21028,8.11
21029,11.43
21030,6.01
21031,18.63
21032,35.35
21033,34.89
21034,41.45
21035,12.59
21036,10.17
21037,15.73
21038,47.15
21039,9.54
21040,43.99
21041,39.71
21042,30.7
21043,17.3
21044,18.57
21045,25.03
21046,18.87
21047,30.94
21048,37.19
21049,29.5
21050,4.86
21051,46.73
21052,14.0
21053,18.02
21054,18.38
21055,17.95
21056,29.34
21057,12.34
21058,8.31
21059,20.29
21060,50.44
21061,10.55
21062,33.73
21063,27.63
21064,20.16
21065,28.9
21066,13.44
21067,21.93
21068,10.5
21069,45.85
21070,17.29
21071,32.3
21072,16.36
21073,39.94
21074,47.87
21075,19.38
21076,21.93
21077,3.49
21078,7.78
21079,21.58
21080,10.67
21081,27.69
21082,21.81
21083,13.56
21084,5.2
21085,44.46
21086,20.19
21087,40.84
21088,16.94
21089,13.86
21090,51.12
21091,30.04
21092,19.79
21093,13.11
21094,20.71
21095,19.85
21096,33.13
21097,36.43
21098,25.08
21099,21.16
21100,26.26
21101,11.02
21102,33.18
21103,22.67
21104,30.32
21105,23.75
21106,55.58
21107,5.16
21108,22.21
21109,16.55
21110,29.74
21111,19.9
21112,8.2
21113,17.48
21114,56.56
21115,30.46
21116,6.87
21117,26.97
21118,48.41
21119,67.34
21120,17.54
21121,51.49
21122,31.46
21123,20.4
21124,15.59
21125,52.35
21126,46.12
21127,9.95
21128,24.66
21129,10.96
21130,22.42
21131,19.85
21132,35.16
21133,30.27
21134,27.21
21135,36.94
21136,31.66
21137,21.58
21138,37.62
21139,20.66
21140,58.4
21141,8.63
21142,23.34
21143,31.23
21144,46.88
21145,8.78
21146,13.34
21147,36.0
21148,51.94
21149,21.51
21150,31.32
21151,38.46
21152,30.46
21153,38.32
21154,35.31
21155,20.96
21156,20.42
21157,28.04
21158,12.82
21159,35.18
21160,47.35
21161,19.56
21162,16.38
21163,40.45
21164,50.25
21165,31.71
21166,45.4
21167,14.59
21168,41.59
21169,27.25
21170,19.75
21171,24.51
21172,12.39
21173,17.51
21174,20.72
21175,41.93
21176,46.97
21177,21.78
21178,19.84
21179,16.08
21180,22.3
21181,40.69
21182,30.39
21183,26.88
21184,21.15
21185,45.32
21186,17.04
21187,16.68
21188,34.54
21189,34.0
21190,12.02
21191,23.43
21192,9.2
21193,32.3
21194,24.13
21195,10.79
21196,15.89
21197,25.27
21198,28.07
21199,18.97
21200,10.28
21201,30.05
21202,10.57
21203,21.86
21204,16.39
21205,26.52
21206,26.13
21207,13.34
21208,23.57
21209,10.92
21210,7.12
21211,16.71
21212,12.82
21213,23.2
21214,16.44
21215,10.18
21216,22.72
21217,16.13
22001,13.82
22002,10.35
22003,14.22
22004,13.63
22005,17.33
22006,32.72
22007,15.97
22008,24.76
22009,11.95
22010,10.22
22011,26.43
22012,20.65
22013,7.1
22014,40.84
22015,9.5
22016,20.73
22017,18.41
22018,12.97
23001,20.34
23002,14.15
23003,43.57
23004,28.84
23005,42.12
23006,8.16
23007,37.34
23008,21.29
23009,15.68
23010,20.05
23011,30.19
24001,15.21
24002,15.58
24003,13.17
24004,8.66
24005,19.68
24006,11.54
24007,15.54
24008,12.33
24009,9.85
24010,14.59
24011,14.9
24012,11.47
24013,16.9
24014,13.13
24015,8.74
24016,18.06
24017,15.92
24018,13.82
24019,14.1
24020,18.2
24021,18.72
24022,10.22
24023,14.16
24024,16.91
24025,9.45
24026,13.36
24027,12.5
24028,17.75
24029,6.69
24030,11.64
24031,14.0
24032,22.59
24033,9.77
24034,15.6
24035,12.69
24036,13.29
24037,6.11
24038,7.92
24039,9.88
24040,18.45
24041,15.74
24042,13.52
24043,22.91
24044,15.91
24045,7.94
24046,26.71
24047,12.31
24048,16.86
24049,15.19
24050,23.46
24051,11.11
24052,12.91
24053,12.86
24054,13.02
24055,16.01
24056,8.6
24057,9.55
24058,17.58
24059,13.54
25001,40.76
25002,46.77
25003,77.26
25004,64.0
25005,51.95
25006,44.31
25007,74.73
25008,51.92
25009,31.59
25010,42.22
25011,31.21
25012,69.79
25013,53.54
25014,50.81
25015,40.63
25016,63.92
25017,32.49
25018,42.51
25019,37.98
25020,31.68
26001,47.07
26002,22.93
26003,64.9
26004,125.68
26005,21.37
26006,41.21
26007,96.18
26008,16.43
26009,24.72
26010,33.46
26011,27.13
26012,81.64
26013,28.26
26014,47.15
26015,20.89
26016,89.2
26017,126.35
26018,62.85
26019,27.77
26020,60.44
26021,23.39
26022,73.46
26023,25.25
26024,14.06
26025,89.58
26026,51.32
26027,23.92
26028,11.73
26029,83.67
26030,71.37
26031,29.93
26032,15.26
26033,48.63
26034,36.43
26035,53.2
26036,81.54
26037,50.32
26038,22.82
26039,23.01
26040,21.51
26041,13.89
26042,52.12
26043,91.09
26044,36.96
26045,49.63
26046,105.24
26047,96.67
26048,148.24
26049,64.6
26050,53.93
26051,76.31
26052,29.0
26053,68.68
26054,15.83
26055,138.54
26056,59.3
26057,22.95
26058,90.04
26059,36.36
26060,155.83
26061,21.19
26062,24.3
26063,16.75
26064,125.8
26065,124.38
26066,53.91
26067,8.89
26068,34.32
26069,57.3
26070,155.38
26071,57.62
26072,80.41
27001,18.71
27002,22.61
27003,18.89
27004,24.92
27005,19.3
27006,23.61
27007,21.79
27008,23.58
27009,20.96
27010,17.24
27011,19.48
27012,19.66
27013,19.44
27014,18.19
27015,14.65
27016,23.08
27017,21.58
28001,45.0
28002,33.04
28003,29.24
28004,16.32
28005,33.44
28006,18.89
28007,60.44
28008,39.25
28009,27.48
28010,42.8
28011,26.69
28012,30.13
28013,47.25
28014,121.86
28015,56.98
28016,47.13
28017,33.4
28018,49.1
28019,38.79
28020,22.49
28021,22.21
28022,47.71
28023,39.05
28024,104.98
28025,70.03
28026,23.21
28027,107.44
28028,17.83
28029,20.02
28030,53.98
28031,25.75
28032,52.76
28033,44.2
28034,43.38
28035,44.7
28036,36.35
28037,39.62
28038,27.24
28039,18.67
28040,45.02
28041,43.55
28042,34.45
28043,29.03
29001,13.35
29002,12.81
29003,7.4
29004,12.43
29005,11.43
29006,21.11
29007,17.42
29008,14.41
29009,8.33
29010,12.41
29011,8.59
29012,14.03
29013,8.6
29014,11.52
29015,18.52
29016,15.69
29017,12.39
29018,9.9
29019,20.83
29020,13.44
29021,16.7
29022,5.93
29023,24.84
29024,12.79
29025,28.14
29026,9.61
29027,31.17
29028,6.42
29029,7.49
29030,7.42
29031,7.83
29032,23.2
29033,14.21
29034,7.61
29035,7.15
29036,12.4
29037,25.08
29038,9.21
29039,8.0
29040,9.78
29041,17.47
29042,25.4
29043,11.27
29044,25.81
29045,13.01
29046,6.64
29047,6.53
29048,9.41
29049,17.32
29050,9.12
29051,16.45
29052,9.23
29053,15.74
29054,25.51
29055,8.18
29056,17.71
29057,20.16
29058,16.08
29059,10.62
29060,6.09
30001,2.79
30002,1.71
30003,16.64
30004,4.17
30005,6.49
30006,13.33
30007,2.53
30008,3.65
30009,3.74
30010,12.03
30011,9.44
30012,7.74
30013,3.84
30014,4.93
30015,6.14
30016,3.79
30017,4.97
30018,17.54
30019,3.76
30020,1.63
30021,4.72
30022,6.52
30023,11.6
30024,7.29
30025,5.63
30026,6.34
30027,3.59
30028,10.4
30029,8.29
30030,10.33
30031,6.38
30032,7.58
30033,10.74
30034,4.12
30035,4.17
30036,2.36
30037,10.1
30038,9.44
30039,13.0
30040,12.38
30041,3.26
30042,4.32
30043,2.94
30044,9.83
30045,12.02
30046,12.01
30047,4.47
30048,9.39
30049,6.67
30050,3.36
30051,10.51
30052,4.33
30053,7.29
30054,10.72
30055,2.9
30056,2.73
30057,2.22
30058,4.75
30059,8.78
30060,4.88
30061,12.87
30062,6.96
30063,3.93
30064,3.06
30065,6.34
30066,5.97
30067,5.27
30068,7.48
30069,8.39
30070,7.12
30071,4.93
30072,8.16
30073,12.34
30074,10.9
30075,8.41
30076,6.58
30077,14.11
30078,3.76
30079,6.4
30080,5.47
30081,9.86
30082,10.58
30083,9.29
30084,8.53
30085,5.53
30086,16.2
30087,9.28
30088,6.15
30089,9.68
30090,4.87
30091,7.83
30092,6.86
30093,4.78
30094,14.56
30095,3.37
30096,2.25
30097,6.46
30098,3.84
30099,16.79
30100,5.1
30101,11.3
30102,13.74
30103,2.89
30104,6.99
30105,6.85
30106,2.75
30107,12.09
30108,10.12
30109,6.0
30110,5.73
30111,10.61
30112,3.98
30113,3.6
30114,7.67
30115,11.39
30116,13.22
30117,6.82
30118,10.08
30119,9.04
30120,8.58
30121,8.88
30122,7.23
30123,19.53
30124,13.01
30125,4.27
30126,3.49
30127,10.27
30128,11.33
30129,4.07
30130,11.37
30131,12.74
30132,7.19
30133,20.73
30134,4.1
30135,6.9
30136,3.52
30137,1.24
30138,10.1
30139,5.07
30140,4.12
30141,9.63
30142,10.62
30143,7.68
30144,12.99
30145,11.44
30146,3.63
30147,5.9
30148,3.45
30149,7.23
30150,6.12
30151,4.27
30152,14.54
30153,2.9
30154,5.23
30155,6.77
30156,7.91
30157,14.42
30158,8.7
30159,6.28
30160,9.54
30161,9.36
30162,4.19
30163,6.05
30164,8.92
30165,3.66
30166,2.13
30167,3.34
30168,2.65
30169,13.77
30170,6.16
30171,3.29
30172,8.79
30173,9.92
30174,10.78
30175,14.43
30176,7.93
30177,2.53
30178,7.86
30179,2.9
30180,5.79
30181,8.32
30182,5.81
30183,17.45
30184,2.5
30185,6.27
30186,6.31
30187,3.08
30188,4.29
30189,11.02
30190,8.04
30191,3.49
30192,6.8
30193,8.83
30194,9.84
30195,3.44
30196,5.02
30197,2.91
30198,9.8
30199,8.36
30200,2.78
30201,8.15
30202,4.49
30203,7.6
30204,14.92
30205,12.77
30206,12.39
30207,11.87
30208,10.78
30209,6.83
30210,7.13
30211,8.15
30212,7.07
31001,6.44
31002,2.2
31003,4.12
31004,1.55
31005,2.26
31006,0.53
31007,1.47
31008,2.65
31009,1.38
31010,2.04
31011,2.1
31012,0.51
31013,0.35
31014,1.37
31015,0.49
31016,1.58
31017,0.54
31018,1.27
31019,6.58
31020,1.02
31021,2.0
31022,1.57
31023,2.72
31024,0.88
31025,1.8
31026,2.29
31027,0.51
31028,0.33
31029,0.3
31030,0.5
31031,0.52
31032,1.77
31033,3.47
31034,0.23
31035,1.23
31036,0.18
31037,0.24
31038,6.14
31039,3.29
31040,3.05
31041,7.49
31042,1.17
31043,0.59
31044,2.05
31045,2.03
31046,0.74
31047,2.76
31048,3.01
31049,0.68
31050,12.3
31051,0.87
31052,3.27
31053,2.2
31054,1.73
31055,1.77
31056,3.89
31057,1.16
31058,1.95
31059,7.58
31060,0.39
31061,1.94
31062,1.94
31063,3.59
31064,0.1
31065,1.07
31066,3.22
31067,0.57
31068,1.96
31069,0.56
31070,1.68
31071,1.35
31072,1.92
31073,1.11
31074,0.49
31075,2.82
31076,0.77
31077,1.18
31078,1.95
31079,7.26
31080,0.27
31081,1.28
31082,2.02
31083,1.39
31084,0.47
31085,3.36
31086,1.51
31087,2.73
31088,1.81
31089,2.88
31090,3.67
31091,0.36
31092,1.04
31093,0.79
31094,3.12
31095,2.6
31096,3.64
31097,1.05
31098,4.15
31099,1.25
31100,10.71
31101,7.5
31102,3.61
31103,0.38
31104,0.63
31105,0.46
31106,1.76
32001,14.26
32002,12.24
32003,21.78
32004,16.45
32005,34.03
32006,32.95
32007,23.01
32008,29.29
32009,33.27
32010,32.33
32011,37.39
32012,36.26
32013,31.31
32014,12.72
32015,25.49
32016,19.99
32017,30.09
32018,13.87
32019,12.31
32020,31.76
32021,35.39
32022,16.89
32023,18.8
32024,17.53
32025,22.46
32026,16.37
32027,29.07
32028,30.0
32029,21.0
32030,41.36
32031,32.13
32032,31.78
32033,21.61
32034,17.09
32035,13.5
32036,24.65
32037,25.1
32038,16.94
32039,25.81
32040,28.95
32041,26.34
32042,29.47
32043,24.4
32044,21.14
32045,14.23
32046,30.53
32047,24.86
32048,24.47
32049,29.6
32050,29.82
32051,19.34
32052,22.01
32053,12.92
32054,10.73
32055,32.26
32056,39.57
32057,25.94
32058,17.65
