,,min,max,mean,median,std,skew,kurt,missing,observations
2015,crime_rate,0.0,242.68572199002293,12.773406692542359,5.435247823588753,20.11579236086207,3.567405196423036,22.354266240884392,0,2478
2016,crime_rate,0.0,335.7611446872256,13.211336741191127,5.863727013904036,20.171066840688585,3.787419467442571,32.84740057106252,0,2478
2017,crime_rate,0.0,256.9152448775916,16.042543503890514,8.211698610976367,24.137971145534618,3.3244663210991967,17.445043872621355,0,2478
2018,crime_rate,0.0,500.25012506253125,20.478110326484728,11.753804804608716,30.814371838531137,4.464864641746687,37.47143589156606,0,2478
2019,crime_rate,0.0,371.2149334464655,23.21153026001265,13.443024146611013,35.483615024364575,4.023109154153598,22.985750882709564,0,2478
2020,crime_rate,0.0,939.7841977027498,22.964385144843245,11.855524178972793,42.1204586121389,7.843018879092764,116.97022276774204,0,2478
2021,crime_rate,0.0,642.6735218508996,22.901950575042324,11.929482516824546,39.2907651405609,5.814577313601068,59.787495264732875,0,2478
2022,crime_rate,0.0,549.920467464425,23.804608061805773,12.574466049038847,38.64176594116129,4.772011104486037,38.19779884845646,0,2478
2023,crime_rate,0.0,564.6739948802891,23.890172948987235,12.112382203158063,41.72147255828636,5.454122998318673,46.32236453349834,0,2478
2024,crime_rate,0.0,919.0011408290025,23.571182562664433,11.258366484857508,45.479708427466754,7.985773715862316,116.23043769502105,0,2478
2025,crime_rate,0.0,1629.5491580662683,26.2607169790881,12.042985371474234,54.84526252792335,12.394704062474851,305.3330621608158,0,2478
