year,n,W,p_raw,median_diff,p_bh,significant
2015,2456,505022.0,9.266393038443086e-72,2.2871,9.266393038443086e-71,True
2016,2456,518929.0,3.1709397896857993e-69,2.5098,1.5854698948428995e-68,True
2017,2456,641817.0,2.748615513813448e-38,0.0,9.162051712711493e-38,True
2018,2456,922335.0,9.812644874994813e-06,0.0,2.453161218748703e-05,True
2019,2456,1049280.0,0.884218590870331,0.0,0.884218590870331,False
2020,2456,944958.5,0.0009019398302129743,0.0,0.001503233050354957,True
2021,2456,963115.0,0.0043544628661748705,0.0,0.006220661237392672,True
2022,2456,1027474.5,0.22254731201908662,0.0,0.24727479113231846,False
2023,2456,1012339.0,0.11049597005101268,0.0,0.13811996256376585,False
2024,2456,896714.0,2.7139116124684835e-05,0.0,5.427823224936967e-05,True
